{
  "model_name": "Random Forest",
  "r2_score": 0.9477151713503675,
  "mae": 957.6768190774296,
  "rmse": 1595.6497702735594,
  "mse": 2546098.189374063,
  "cv_r2_mean": 0.9294414900175549,
  "cv_r2_std": 0.008676814812915686
}