Year,Annual,Inflation_Rate
2010,218.05550000000002,2.64
2011,224.93916666666667,3.16
2012,229.5939166666667,2.07
2013,232.95708333333332,1.46
2014,236.73616666666666,1.62
2015,237.01700000000002,0.12
2016,240.00716666666665,1.26
2017,245.11958333333334,2.13
2018,251.10683333333338,2.44
2019,255.65741666666668,1.81
2020,258.8111666666667,1.23
2021,270.96975000000003,4.7
2022,292.6549166666667,8.0
2023,304.7015833333333,4.12
2024,313.6888333333333,2.95
2025,321.46633333333335,2.48
