{
  "r2_score": 0.8686762776475089,
  "mae": 1800.1484893761794,
  "rmse": 2661.127200193464,
  "mse": 7081597.975609504,
  "cv_r2_mean": 0.6925548471549692,
  "cv_r2_std": 0.12102985040660878
}