{
  "r2_score": 0.8656271308914288,
  "mae": 1730.9454272270787,
  "rmse": 2625.3800437426376,
  "mse": 6892620.374082093,
  "cv_r2_mean": 0.6281602266934341,
  "cv_r2_std": 0.1487806937992595
}